{
    "dashboard": {
        "__inputs": [
            {
                "description": "",
                "label": "prometheus",
                "name": "DS_PROMETHEUS",
                "pluginId": "prometheus",
                "pluginName": "Prometheus",
                "type": "datasource"
            }
        ],
        "annotations": {
            "list": []
        },
        "editable": true,
        "graphTooltip": 1,
        "hideControls": false,
        "links": [],
        "rows": [
            {
                "collapse": false,
                "height": "200px",
                "panels": [
                    {
                        "colorBackground": false,
                        "colorValue": false,
                        "colors": [
                            "rgba(245, 54, 54, 0.9)",
                            "rgba(237, 129, 40, 0.89)",
                            "rgba(50, 172, 45, 0.97)"
                        ],
                        "datasource": "${DS_PROMETHEUS}",
                        "editable": true,
                        "format": "none",
                        "gauge": {
                            "maxValue": 100,
                            "minValue": 0,
                            "show": false,
                            "thresholdLabels": false,
                            "thresholdMarkers": true
                        },
                        "id": 8,
                        "links": [],
                        "mappingType": 1,
                        "mappingTypes": [
                            {
                                "name": "value to text",
                                "value": 1
                            },
                            {
                                "name": "range to text",
                                "value": 2
                            }
                        ],
                        "maxDataPoints": 100,
                        "nullPointMode": "connected",
                        "postfix": "cores",
                        "postfixFontSize": "50%",
                        "prefix": "",
                        "prefixFontSize": "50%",
                        "rangeMaps": [
                            {
                                "from": "null",
                                "text": "N/A",
                                "to": "null"
                            }
                        ],
                        "span": 4,
                        "sparkline": {
                            "fillColor": "rgba(31, 118, 189, 0.18)",
                            "full": false,
                            "lineColor": "rgb(31, 120, 193)",
                            "show": true
                        },
                        "targets": [
                            {
                                "expr": "sum(rate(container_cpu_usage_seconds_total{namespace=\"$deployment_namespace\",pod_name=~\"$deployment_name.*\"}[3m]))",
                                "intervalFactor": 2,
                                "refId": "A",
                                "step": 600
                            }
                        ],
                        "title": "CPU",
                        "type": "singlestat",
                        "valueFontSize": "110%",
                        "valueMaps": [
                            {
                                "op": "=",
                                "text": "N/A",
                                "value": "null"
                            }
                        ],
                        "valueName": "avg"
                    },
                    {
                        "colorBackground": false,
                        "colorValue": false,
                        "colors": [
                            "rgba(245, 54, 54, 0.9)",
                            "rgba(237, 129, 40, 0.89)",
                            "rgba(50, 172, 45, 0.97)"
                        ],
                        "datasource": "${DS_PROMETHEUS}",
                        "editable": true,
                        "format": "none",
                        "gauge": {
                            "maxValue": 100,
                            "minValue": 0,
                            "show": false,
                            "thresholdLabels": false,
                            "thresholdMarkers": true
                        },
                        "id": 9,
                        "links": [],
                        "mappingType": 1,
                        "mappingTypes": [
                            {
                                "name": "value to text",
                                "value": 1
                            },
                            {
                                "name": "range to text",
                                "value": 2
                            }
                        ],
                        "maxDataPoints": 100,
                        "nullPointMode": "connected",
                        "postfix": "GB",
                        "postfixFontSize": "50%",
                        "prefix": "",
                        "prefixFontSize": "80%",
                        "rangeMaps": [
                            {
                                "from": "null",
                                "text": "N/A",
                                "to": "null"
                            }
                        ],
                        "span": 4,
                        "sparkline": {
                            "fillColor": "rgba(31, 118, 189, 0.18)",
                            "full": false,
                            "lineColor": "rgb(31, 120, 193)",
                            "show": true
                        },
                        "targets": [
                            {
                                "expr": "sum(container_memory_usage_bytes{namespace=\"$deployment_namespace\",pod_name=~\"$deployment_name.*\"}) / 1024^3",
                                "intervalFactor": 2,
                                "refId": "A",
                                "step": 600
                            }
                        ],
                        "title": "Memory",
                        "type": "singlestat",
                        "valueFontSize": "110%",
                        "valueMaps": [
                            {
                                "op": "=",
                                "text": "N/A",
                                "value": "null"
                            }
                        ],
                        "valueName": "avg"
                    },
                    {
                        "colorBackground": false,
                        "colorValue": false,
                        "colors": [
                            "rgba(245, 54, 54, 0.9)",
                            "rgba(237, 129, 40, 0.89)",
                            "rgba(50, 172, 45, 0.97)"
                        ],
                        "datasource": "${DS_PROMETHEUS}",
                        "editable": true,
                        "format": "Bps",
                        "gauge": {
                            "maxValue": 100,
                            "minValue": 0,
                            "show": false,
                            "thresholdLabels": false,
                            "thresholdMarkers": false
                        },
                        "id": 7,
                        "links": [],
                        "mappingType": 1,
                        "mappingTypes": [
                            {
                                "name": "value to text",
                                "value": 1
                            },
                            {
                                "name": "range to text",
                                "value": 2
                            }
                        ],
                        "maxDataPoints": 100,
                        "nullPointMode": "connected",
                        "postfix": "",
                        "postfixFontSize": "50%",
                        "prefix": "",
                        "prefixFontSize": "50%",
                        "rangeMaps": [
                            {
                                "from": "null",
                                "text": "N/A",
                                "to": "null"
                            }
                        ],
                        "span": 4,
                        "sparkline": {
                            "fillColor": "rgba(31, 118, 189, 0.18)",
                            "full": false,
                            "lineColor": "rgb(31, 120, 193)",
                            "show": true
                        },
                        "targets": [
                            {
                                "expr": "sum(rate(container_network_transmit_bytes_total{namespace=\"$deployment_namespace\",pod_name=~\"$deployment_name.*\"}[3m])) + sum(rate(container_network_receive_bytes_total{namespace=\"$deployment_namespace\",pod_name=~\"$deployment_name.*\"}[3m]))",
                                "intervalFactor": 2,
                                "refId": "A",
                                "step": 600
                            }
                        ],
                        "title": "Network",
                        "type": "singlestat",
                        "valueFontSize": "80%",
                        "valueMaps": [
                            {
                                "op": "=",
                                "text": "N/A",
                                "value": "null"
                            }
                        ],
                        "valueName": "avg"
                    }
                ],
                "showTitle": false,
                "title": "Dashboard Row",
                "titleSize": "h6"
            },
            {
                "collapse": false,
                "height": "100px",
                "panels": [
                    {
                        "colorBackground": false,
                        "colorValue": false,
                        "colors": [
                            "rgba(245, 54, 54, 0.9)",
                            "rgba(237, 129, 40, 0.89)",
                            "rgba(50, 172, 45, 0.97)"
                        ],
                        "datasource": "${DS_PROMETHEUS}",
                        "editable": true,
                        "format": "none",
                        "gauge": {
                            "maxValue": 100,
                            "minValue": 0,
                            "show": false,
                            "thresholdLabels": false,
                            "thresholdMarkers": false
                        },
                        "id": 5,
                        "links": [],
                        "mappingType": 1,
                        "mappingTypes": [
                            {
                                "name": "value to text",
                                "value": 1
                            },
                            {
                                "name": "range to text",
                                "value": 2
                            }
                        ],
                        "maxDataPoints": 100,
                        "nullPointMode": "connected",
                        "postfixFontSize": "50%",
                        "prefix": "",
                        "prefixFontSize": "50%",
                        "rangeMaps": [
                            {
                                "from": "null",
                                "text": "N/A",
                                "to": "null"
                            }
                        ],
                        "span": 3,
                        "sparkline": {
                            "fillColor": "rgba(31, 118, 189, 0.18)",
                            "full": false,
                            "lineColor": "rgb(31, 120, 193)",
                            "show": false
                        },
                        "targets": [
                            {
                                "expr": "max(kube_deployment_spec_replicas{deployment=\"$deployment_name\",namespace=\"$deployment_namespace\"}) without (instance, pod)",
                                "intervalFactor": 2,
                                "metric": "kube_deployment_spec_replicas",
                                "refId": "A",
                                "step": 600
                            }
                        ],
                        "title": "Desired Replicas",
                        "type": "singlestat",
                        "valueFontSize": "80%",
                        "valueMaps": [
                            {
                                "op": "=",
                                "text": "N/A",
                                "value": "null"
                            }
                        ],
                        "valueName": "avg"
                    },
                    {
                        "colorBackground": false,
                        "colorValue": false,
                        "colors": [
                            "rgba(245, 54, 54, 0.9)",
                            "rgba(237, 129, 40, 0.89)",
                            "rgba(50, 172, 45, 0.97)"
                        ],
                        "datasource": "${DS_PROMETHEUS}",
                        "editable": true,
                        "format": "none",
                        "gauge": {
                            "maxValue": 100,
                            "minValue": 0,
                            "show": false,
                            "thresholdLabels": false,
                            "thresholdMarkers": true
                        },
                        "id": 6,
                        "links": [],
                        "mappingType": 1,
                        "mappingTypes": [
                            {
                                "name": "value to text",
                                "value": 1
                            },
                            {
                                "name": "range to text",
                                "value": 2
                            }
                        ],
                        "maxDataPoints": 100,
                        "nullPointMode": "connected",
                        "postfixFontSize": "50%",
                        "prefix": "",
                        "prefixFontSize": "50%",
                        "rangeMaps": [
                            {
                                "from": "null",
                                "text": "N/A",
                                "to": "null"
                            }
                        ],
                        "span": 3,
                        "sparkline": {
                            "fillColor": "rgba(31, 118, 189, 0.18)",
                            "full": false,
                            "lineColor": "rgb(31, 120, 193)",
                            "show": false
                        },
                        "targets": [
                            {
                                "expr": "min(kube_deployment_status_replicas_available{deployment=\"$deployment_name\",namespace=\"$deployment_namespace\"}) without (instance, pod)",
                                "intervalFactor": 2,
                                "refId": "A",
                                "step": 600
                            }
                        ],
                        "title": "Available Replicas",
                        "type": "singlestat",
                        "valueFontSize": "80%",
                        "valueMaps": [
                            {
                                "op": "=",
                                "text": "N/A",
                                "value": "null"
                            }
                        ],
                        "valueName": "avg"
                    },
                    {
                        "colorBackground": false,
                        "colorValue": false,
                        "colors": [
                            "rgba(245, 54, 54, 0.9)",
                            "rgba(237, 129, 40, 0.89)",
                            "rgba(50, 172, 45, 0.97)"
                        ],
                        "datasource": "${DS_PROMETHEUS}",
                        "editable": true,
                        "format": "none",
                        "gauge": {
                            "maxValue": 100,
                            "minValue": 0,
                            "show": false,
                            "thresholdLabels": false,
                            "thresholdMarkers": true
                        },
                        "id": 3,
                        "links": [],
                        "mappingType": 1,
                        "mappingTypes": [
                            {
                                "name": "value to text",
                                "value": 1
                            },
                            {
                                "name": "range to text",
                                "value": 2
                            }
                        ],
                        "maxDataPoints": 100,
                        "nullPointMode": "connected",
                        "postfixFontSize": "50%",
                        "prefix": "",
                        "prefixFontSize": "50%",
                        "rangeMaps": [
                            {
                                "from": "null",
                                "text": "N/A",
                                "to": "null"
                            }
                        ],
                        "span": 3,
                        "sparkline": {
                            "fillColor": "rgba(31, 118, 189, 0.18)",
                            "full": false,
                            "lineColor": "rgb(31, 120, 193)",
                            "show": false
                        },
                        "targets": [
                            {
                                "expr": "max(kube_deployment_status_observed_generation{deployment=\"$deployment_name\",namespace=\"$deployment_namespace\"}) without (instance, pod)",
                                "intervalFactor": 2,
                                "refId": "A",
                                "step": 600
                            }
                        ],
                        "title": "Observed Generation",
                        "type": "singlestat",
                        "valueFontSize": "80%",
                        "valueMaps": [
                            {
                                "op": "=",
                                "text": "N/A",
                                "value": "null"
                            }
                        ],
                        "valueName": "avg"
                    },
                    {
                        "colorBackground": false,
                        "colorValue": false,
                        "colors": [
                            "rgba(245, 54, 54, 0.9)",
                            "rgba(237, 129, 40, 0.89)",
                            "rgba(50, 172, 45, 0.97)"
                        ],
                        "datasource": "${DS_PROMETHEUS}",
                        "editable": true,
                        "format": "none",
                        "gauge": {
                            "maxValue": 100,
                            "minValue": 0,
                            "show": false,
                            "thresholdLabels": false,
                            "thresholdMarkers": true
                        },
                        "id": 2,
                        "links": [],
                        "mappingType": 1,
                        "mappingTypes": [
                            {
                                "name": "value to text",
                                "value": 1
                            },
                            {
                                "name": "range to text",
                                "value": 2
                            }
                        ],
                        "maxDataPoints": 100,
                        "nullPointMode": "connected",
                        "postfixFontSize": "50%",
                        "prefix": "",
                        "prefixFontSize": "50%",
                        "rangeMaps": [
                            {
                                "from": "null",
                                "text": "N/A",
                                "to": "null"
                            }
                        ],
                        "span": 3,
                        "sparkline": {
                            "fillColor": "rgba(31, 118, 189, 0.18)",
                            "full": false,
                            "lineColor": "rgb(31, 120, 193)",
                            "show": false
                        },
                        "targets": [
                            {
                                "expr": "max(kube_deployment_metadata_generation{deployment=\"$deployment_name\",namespace=\"$deployment_namespace\"}) without (instance, pod)",
                                "intervalFactor": 2,
                                "refId": "A",
                                "step": 600
                            }
                        ],
                        "title": "Metadata Generation",
                        "type": "singlestat",
                        "valueFontSize": "80%",
                        "valueMaps": [
                            {
                                "op": "=",
                                "text": "N/A",
                                "value": "null"
                            }
                        ],
                        "valueName": "avg"
                    }
                ],
                "showTitle": false,
                "title": "Dashboard Row",
                "titleSize": "h6"
            },
            {
                "collapse": false,
                "height": "350px",
                "panels": [
                    {
                        "aliasColors": {},
                        "bars": false,
                        "dashLength": 10,
                        "dashes": false,
                        "datasource": "${DS_PROMETHEUS}",
                        "editable": true,
                        "error": false,
                        "fill": 1,
                        "grid": {
                            "threshold1Color": "rgba(216, 200, 27, 0.27)",
                            "threshold2Color": "rgba(234, 112, 112, 0.22)"
                        },
                        "id": 1,
                        "isNew": true,
                        "legend": {
                            "alignAsTable": false,
                            "avg": false,
                            "current": false,
                            "hideEmpty": false,
                            "hideZero": false,
                            "max": false,
                            "min": false,
                            "rightSide": false,
                            "show": true,
                            "total": false
                        },
                        "lines": true,
                        "linewidth": 2,
                        "links": [],
                        "nullPointMode": "connected",
                        "percentage": false,
                        "pointradius": 5,
                        "points": false,
                        "renderer": "flot",
                        "seriesOverrides": [],
                        "spaceLength": 10,
                        "span": 12,
                        "stack": false,
                        "steppedLine": false,
                        "targets": [
                            {
                                "expr": "max(kube_deployment_status_replicas{deployment=\"$deployment_name\",namespace=\"$deployment_namespace\"}) without (instance, pod)",
                                "intervalFactor": 2,
                                "legendFormat": "current replicas",
                                "refId": "A",
                                "step": 30
                            },
                            {
                                "expr": "min(kube_deployment_status_replicas_available{deployment=\"$deployment_name\",namespace=\"$deployment_namespace\"}) without (instance, pod)",
                                "intervalFactor": 2,
                                "legendFormat": "available",
                                "refId": "B",
                                "step": 30
                            },
                            {
                                "expr": "max(kube_deployment_status_replicas_unavailable{deployment=\"$deployment_name\",namespace=\"$deployment_namespace\"}) without (instance, pod)",
                                "intervalFactor": 2,
                                "legendFormat": "unavailable",
                                "refId": "C",
                                "step": 30
                            },
                            {
                                "expr": "min(kube_deployment_status_replicas_updated{deployment=\"$deployment_name\",namespace=\"$deployment_namespace\"}) without (instance, pod)",
                                "intervalFactor": 2,
                                "legendFormat": "updated",
                                "refId": "D",
                                "step": 30
                            },
                            {
                                "expr": "max(kube_deployment_spec_replicas{deployment=\"$deployment_name\",namespace=\"$deployment_namespace\"}) without (instance, pod)",
                                "intervalFactor": 2,
                                "legendFormat": "desired",
                                "refId": "E",
                                "step": 30
                            }
                        ],
                        "title": "Replicas",
                        "tooltip": {
                            "msResolution": true,
                            "shared": true,
                            "sort": 0,
                            "value_type": "cumulative"
                        },
                        "type": "graph",
                        "xaxis": {
                            "mode": "time",
                            "show": true,
                            "values": []
                        },
                        "yaxes": [
                            {
                                "format": "none",
                                "label": "",
                                "logBase": 1,
                                "show": true
                            },
                            {
                                "format": "short",
                                "label": "",
                                "logBase": 1,
                                "show": false
                            }
                        ]
                    }
                ],
                "showTitle": false,
                "title": "Dashboard Row",
                "titleSize": "h6"
            }
        ],
        "schemaVersion": 14,
        "sharedCrosshair": false,
        "style": "dark",
        "tags": [],
        "templating": {
            "list": [
                {
                    "allValue": ".*",
                    "current": {},
                    "datasource": "${DS_PROMETHEUS}",
                    "hide": 0,
                    "includeAll": false,
                    "label": "Namespace",
                    "multi": false,
                    "name": "deployment_namespace",
                    "options": [],
                    "query": "label_values(kube_deployment_metadata_generation, namespace)",
                    "refresh": 1,
                    "regex": "",
                    "sort": 0,
                    "tagValuesQuery": null,
                    "tags": [],
                    "tagsQuery": "",
                    "type": "query",
                    "useTags": false
                },
                {
                    "allValue": null,
                    "current": {},
                    "datasource": "${DS_PROMETHEUS}",
                    "hide": 0,
                    "includeAll": false,
                    "label": "Deployment",
                    "multi": false,
                    "name": "deployment_name",
                    "options": [],
                    "query": "label_values(kube_deployment_metadata_generation{namespace=\"$deployment_namespace\"}, deployment)",
                    "refresh": 1,
                    "regex": "",
                    "sort": 0,
                    "tagValuesQuery": "",
                    "tags": [],
                    "tagsQuery": "deployment",
                    "type": "query",
                    "useTags": false
                }
            ]
        },
        "time": {
            "from": "now-6h",
            "to": "now"
        },
        "timepicker": {
            "refresh_intervals": [
                "5s",
                "10s",
                "30s",
                "1m",
                "5m",
                "15m",
                "30m",
                "1h",
                "2h",
                "1d"
            ],
            "time_options": [
                "5m",
                "15m",
                "1h",
                "6h",
                "12h",
                "24h",
                "2d",
                "7d",
                "30d"
            ]
        },
        "timezone": "browser",
        "title": "Deployment",
        "version": 1
    },
    "inputs": [
        {
            "name": "DS_PROMETHEUS",
            "pluginId": "prometheus",
            "type": "datasource",
            "value": "prometheus"
        }
    ],
    "overwrite": true
}