{
    "dashboard": {
        "__inputs": [
            {
                "description": "",
                "label": "prometheus",
                "name": "DS_PROMETHEUS",
                "pluginId": "prometheus",
                "pluginName": "Prometheus",
                "type": "datasource"
            }
        ],
        "annotations": {
            "list": []
        },
        "editable": true,
        "graphTooltip": 0,
        "hideControls": false,
        "links": [],
        "refresh": false,
        "rows": [
            {
                "collapse": false,
                "editable": true,
                "height": "300px",
                "panels": [
                    {
                        "aliasColors": {},
                        "bars": false,
                        "dashLength": 10,
                        "dashes": false,
                        "datasource": "${DS_PROMETHEUS}",
                        "description": "This represents the total [CPU resource requests](https://kubernetes.io/docs/concepts/configuration/manage-compute-resources-container/#meaning-of-cpu) in the cluster.\nFor comparison the total [allocatable CPU cores](https://github.com/kubernetes/community/blob/master/contributors/design-proposals/node-allocatable.md) is also shown.",
                        "editable": true,
                        "error": false,
                        "fill": 1,
                        "grid": {
                            "threshold1Color": "rgba(216, 200, 27, 0.27)",
                            "threshold2Color": "rgba(234, 112, 112, 0.22)"
                        },
                        "id": 1,
                        "isNew": false,
                        "legend": {
                            "alignAsTable": false,
                            "avg": false,
                            "current": false,
                            "hideEmpty": false,
                            "hideZero": false,
                            "max": false,
                            "min": false,
                            "rightSide": false,
                            "show": true,
                            "total": false
                        },
                        "lines": true,
                        "linewidth": 1,
                        "links": [],
                        "nullPointMode": "null",
                        "percentage": false,
                        "pointradius": 5,
                        "points": false,
                        "renderer": "flot",
                        "seriesOverrides": [],
                        "spaceLength": 10,
                        "span": 9,
                        "stack": false,
                        "steppedLine": false,
                        "targets": [
                            {
                                "expr": "min(sum(kube_node_status_allocatable_cpu_cores) by (instance))",
                                "hide": false,
                                "intervalFactor": 2,
                                "legendFormat": "Allocatable CPU Cores",
                                "refId": "A",
                                "step": 20
                            },
                            {
                                "expr": "max(sum(kube_pod_container_resource_requests_cpu_cores) by (instance))",
                                "hide": false,
                                "intervalFactor": 2,
                                "legendFormat": "Requested CPU Cores",
                                "refId": "B",
                                "step": 20
                            }
                        ],
                        "title": "CPU Cores",
                        "tooltip": {
                            "msResolution": false,
                            "shared": true,
                            "sort": 0,
                            "value_type": "individual"
                        },
                        "type": "graph",
                        "xaxis": {
                            "mode": "time",
                            "show": true,
                            "values": []
                        },
                        "yaxes": [
                            {
                                "format": "short",
                                "label": "CPU Cores",
                                "logBase": 1,
                                "show": true
                            },
                            {
                                "format": "short",
                                "logBase": 1,
                                "show": true
                            }
                        ]
                    },
                    {
                        "colorBackground": false,
                        "colorValue": false,
                        "colors": [
                            "rgba(50, 172, 45, 0.97)",
                            "rgba(237, 129, 40, 0.89)",
                            "rgba(245, 54, 54, 0.9)"
                        ],
                        "datasource": "${DS_PROMETHEUS}",
                        "editable": true,
                        "format": "percent",
                        "gauge": {
                            "maxValue": 100,
                            "minValue": 0,
                            "show": true,
                            "thresholdLabels": false,
                            "thresholdMarkers": true
                        },
                        "hideTimeOverride": false,
                        "id": 2,
                        "links": [],
                        "mappingType": 1,
                        "mappingTypes": [
                            {
                                "name": "value to text",
                                "value": 1
                            },
                            {
                                "name": "range to text",
                                "value": 2
                            }
                        ],
                        "maxDataPoints": 100,
                        "nullPointMode": "connected",
                        "postfix": "",
                        "postfixFontSize": "50%",
                        "prefix": "",
                        "prefixFontSize": "50%",
                        "rangeMaps": [
                            {
                                "from": "null",
                                "text": "N/A",
                                "to": "null"
                            }
                        ],
                        "span": 3,
                        "sparkline": {
                            "fillColor": "rgba(31, 118, 189, 0.18)",
                            "full": false,
                            "lineColor": "rgb(31, 120, 193)",
                            "show": true
                        },
                        "targets": [
                            {
                                "expr": "max(sum(kube_pod_container_resource_requests_cpu_cores) by (instance)) / min(sum(kube_node_status_allocatable_cpu_cores) by (instance)) * 100",
                                "intervalFactor": 2,
                                "legendFormat": "",
                                "refId": "A",
                                "step": 240
                            }
                        ],
                        "thresholds": "80, 90",
                        "title": "CPU Cores",
                        "transparent": false,
                        "type": "singlestat",
                        "valueFontSize": "110%",
                        "valueMaps": [
                            {
                                "op": "=",
                                "text": "N/A",
                                "value": "null"
                            }
                        ],
                        "valueName": "avg"
                    }
                ],
                "showTitle": false,
                "title": "CPU Cores",
                "titleSize": "h6"
            },
            {
                "collapse": false,
                "editable": true,
                "height": "300px",
                "panels": [
                    {
                        "aliasColors": {},
                        "bars": false,
                        "dashLength": 10,
                        "dashes": false,
                        "datasource": "${DS_PROMETHEUS}",
                        "description": "This represents the total [memory resource requests](https://kubernetes.io/docs/concepts/configuration/manage-compute-resources-container/#meaning-of-memory) in the cluster.\nFor comparison the total [allocatable memory](https://github.com/kubernetes/community/blob/master/contributors/design-proposals/node-allocatable.md) is also shown.",
                        "editable": true,
                        "error": false,
                        "fill": 1,
                        "grid": {
                            "threshold1Color": "rgba(216, 200, 27, 0.27)",
                            "threshold2Color": "rgba(234, 112, 112, 0.22)"
                        },
                        "id": 3,
                        "isNew": false,
                        "legend": {
                            "alignAsTable": false,
                            "avg": false,
                            "current": false,
                            "hideEmpty": false,
                            "hideZero": false,
                            "max": false,
                            "min": false,
                            "rightSide": false,
                            "show": true,
                            "total": false
                        },
                        "lines": true,
                        "linewidth": 1,
                        "links": [],
                        "nullPointMode": "null",
                        "percentage": false,
                        "pointradius": 5,
                        "points": false,
                        "renderer": "flot",
                        "seriesOverrides": [],
                        "spaceLength": 10,
                        "span": 9,
                        "stack": false,
                        "steppedLine": false,
                        "targets": [
                            {
                                "expr": "min(sum(kube_node_status_allocatable_memory_bytes) by (instance))",
                                "hide": false,
                                "intervalFactor": 2,
                                "legendFormat": "Allocatable Memory",
                                "refId": "A",
                                "step": 20
                            },
                            {
                                "expr": "max(sum(kube_pod_container_resource_requests_memory_bytes) by (instance))",
                                "hide": false,
                                "intervalFactor": 2,
                                "legendFormat": "Requested Memory",
                                "refId": "B",
                                "step": 20
                            }
                        ],
                        "title": "Memory",
                        "tooltip": {
                            "msResolution": false,
                            "shared": true,
                            "sort": 0,
                            "value_type": "individual"
                        },
                        "type": "graph",
                        "xaxis": {
                            "mode": "time",
                            "show": true,
                            "values": []
                        },
                        "yaxes": [
                            {
                                "format": "bytes",
                                "label": "Memory",
                                "logBase": 1,
                                "show": true
                            },
                            {
                                "format": "short",
                                "logBase": 1,
                                "show": true
                            }
                        ]
                    },
                    {
                        "colorBackground": false,
                        "colorValue": false,
                        "colors": [
                            "rgba(50, 172, 45, 0.97)",
                            "rgba(237, 129, 40, 0.89)",
                            "rgba(245, 54, 54, 0.9)"
                        ],
                        "datasource": "${DS_PROMETHEUS}",
                        "editable": true,
                        "format": "percent",
                        "gauge": {
                            "maxValue": 100,
                            "minValue": 0,
                            "show": true,
                            "thresholdLabels": false,
                            "thresholdMarkers": true
                        },
                        "hideTimeOverride": false,
                        "id": 4,
                        "links": [],
                        "mappingType": 1,
                        "mappingTypes": [
                            {
                                "name": "value to text",
                                "value": 1
                            },
                            {
                                "name": "range to text",
                                "value": 2
                            }
                        ],
                        "maxDataPoints": 100,
                        "nullPointMode": "connected",
                        "postfix": "",
                        "postfixFontSize": "50%",
                        "prefix": "",
                        "prefixFontSize": "50%",
                        "rangeMaps": [
                            {
                                "from": "null",
                                "text": "N/A",
                                "to": "null"
                            }
                        ],
                        "span": 3,
                        "sparkline": {
                            "fillColor": "rgba(31, 118, 189, 0.18)",
                            "full": false,
                            "lineColor": "rgb(31, 120, 193)",
                            "show": true
                        },
                        "targets": [
                            {
                                "expr": "max(sum(kube_pod_container_resource_requests_memory_bytes) by (instance)) / min(sum(kube_node_status_allocatable_memory_bytes) by (instance)) * 100",
                                "intervalFactor": 2,
                                "legendFormat": "",
                                "refId": "A",
                                "step": 240
                            }
                        ],
                        "thresholds": "80, 90",
                        "title": "Memory",
                        "transparent": false,
                        "type": "singlestat",
                        "valueFontSize": "110%",
                        "valueMaps": [
                            {
                                "op": "=",
                                "text": "N/A",
                                "value": "null"
                            }
                        ],
                        "valueName": "avg"
                    }
                ],
                "showTitle": false,
                "title": "Memory",
                "titleSize": "h6"
            }
        ],
        "schemaVersion": 14,
        "sharedCrosshair": false,
        "style": "dark",
        "tags": [],
        "templating": {
            "list": []
        },
        "time": {
            "from": "now-3h",
            "to": "now"
        },
        "timepicker": {
            "refresh_intervals": [
                "5s",
                "10s",
                "30s",
                "1m",
                "5m",
                "15m",
                "30m",
                "1h",
                "2h",
                "1d"
            ],
            "time_options": [
                "5m",
                "15m",
                "1h",
                "6h",
                "12h",
                "24h",
                "2d",
                "7d",
                "30d"
            ]
        },
        "timezone": "browser",
        "title": "Kubernetes Resource Requests",
        "version": 2
    },
    "inputs": [
        {
            "name": "DS_PROMETHEUS",
            "pluginId": "prometheus",
            "type": "datasource",
            "value": "prometheus"
        }
    ],
    "overwrite": true
}