{
    "dashboard": {
        "__inputs": [
            {
                "description": "",
                "label": "prometheus",
                "name": "DS_PROMETHEUS",
                "pluginId": "prometheus",
                "pluginName": "Prometheus",
                "type": "datasource"
            }
        ],
        "annotations": {
            "list": []
        },
        "editable": true,
        "gnetId": 22,
        "graphTooltip": 0,
        "hideControls": false,
        "links": [],
        "refresh": false,
        "rows": [
            {
                "collapse": false,
                "editable": true,
                "height": "250px",
                "panels": [
                    {
                        "aliasColors": {},
                        "bars": false,
                        "dashLength": 10,
                        "dashes": false,
                        "datasource": "${DS_PROMETHEUS}",
                        "editable": true,
                        "error": false,
                        "fill": 1,
                        "grid": {
                            "threshold1Color": "rgba(216, 200, 27, 0.27)",
                            "threshold2Color": "rgba(234, 112, 112, 0.22)"
                        },
                        "id": 3,
                        "isNew": false,
                        "legend": {
                            "alignAsTable": false,
                            "avg": false,
                            "current": false,
                            "hideEmpty": false,
                            "hideZero": false,
                            "max": false,
                            "min": false,
                            "rightSide": false,
                            "show": true,
                            "total": false
                        },
                        "lines": true,
                        "linewidth": 2,
                        "links": [],
                        "nullPointMode": "connected",
                        "percentage": false,
                        "pointradius": 5,
                        "points": false,
                        "renderer": "flot",
                        "seriesOverrides": [],
                        "spaceLength": 10,
                        "span": 6,
                        "stack": false,
                        "steppedLine": false,
                        "targets": [
                            {
                                "expr": "sum(rate(node_cpu{mode=\"idle\"}[2m])) * 100",
                                "hide": false,
                                "intervalFactor": 10,
                                "legendFormat": "",
                                "refId": "A",
                                "step": 50
                            }
                        ],
                        "title": "Idle CPU",
                        "tooltip": {
                            "msResolution": false,
                            "shared": true,
                            "sort": 0,
                            "value_type": "cumulative"
                        },
                        "type": "graph",
                        "xaxis": {
                            "mode": "time",
                            "show": true,
                            "values": []
                        },
                        "yaxes": [
                            {
                                "format": "percent",
                                "label": "cpu usage",
                                "logBase": 1,
                                "min": 0,
                                "show": true
                            },
                            {
                                "format": "short",
                                "logBase": 1,
                                "show": true
                            }
                        ]
                    },
                    {
                        "aliasColors": {},
                        "bars": false,
                        "dashLength": 10,
                        "dashes": false,
                        "datasource": "${DS_PROMETHEUS}",
                        "editable": true,
                        "error": false,
                        "fill": 1,
                        "grid": {
                            "threshold1Color": "rgba(216, 200, 27, 0.27)",
                            "threshold2Color": "rgba(234, 112, 112, 0.22)"
                        },
                        "id": 9,
                        "isNew": false,
                        "legend": {
                            "alignAsTable": false,
                            "avg": false,
                            "current": false,
                            "hideEmpty": false,
                            "hideZero": false,
                            "max": false,
                            "min": false,
                            "rightSide": false,
                            "show": true,
                            "total": false
                        },
                        "lines": true,
                        "linewidth": 2,
                        "links": [],
                        "nullPointMode": "connected",
                        "percentage": false,
                        "pointradius": 5,
                        "points": false,
                        "renderer": "flot",
                        "seriesOverrides": [],
                        "spaceLength": 10,
                        "span": 6,
                        "stack": false,
                        "steppedLine": false,
                        "targets": [
                            {
                                "expr": "sum(node_load1)",
                                "intervalFactor": 4,
                                "legendFormat": "load 1m",
                                "refId": "A",
                                "step": 20,
                                "target": ""
                            },
                            {
                                "expr": "sum(node_load5)",
                                "intervalFactor": 4,
                                "legendFormat": "load 5m",
                                "refId": "B",
                                "step": 20,
                                "target": ""
                            },
                            {
                                "expr": "sum(node_load15)",
                                "intervalFactor": 4,
                                "legendFormat": "load 15m",
                                "refId": "C",
                                "step": 20,
                                "target": ""
                            }
                        ],
                        "title": "System Load",
                        "tooltip": {
                            "msResolution": false,
                            "shared": true,
                            "sort": 0,
                            "value_type": "cumulative"
                        },
                        "type": "graph",
                        "xaxis": {
                            "mode": "time",
                            "show": true,
                            "values": []
                        },
                        "yaxes": [
                            {
                                "format": "percentunit",
                                "logBase": 1,
                                "show": true
                            },
                            {
                                "format": "short",
                                "logBase": 1,
                                "show": true
                            }
                        ]
                    }
                ],
                "showTitle": false,
                "title": "New Row",
                "titleSize": "h6"
            },
            {
                "collapse": false,
                "editable": true,
                "height": "250px",
                "panels": [
                    {
                        "aliasColors": {},
                        "bars": false,
                        "dashLength": 10,
                        "dashes": false,
                        "datasource": "${DS_PROMETHEUS}",
                        "editable": true,
                        "error": false,
                        "fill": 1,
                        "grid": {
                            "threshold1Color": "rgba(216, 200, 27, 0.27)",
                            "threshold2Color": "rgba(234, 112, 112, 0.22)"
                        },
                        "id": 4,
                        "isNew": false,
                        "legend": {
                            "alignAsTable": false,
                            "avg": false,
                            "current": false,
                            "hideEmpty": false,
                            "hideZero": false,
                            "max": false,
                            "min": false,
                            "rightSide": false,
                            "show": true,
                            "total": false
                        },
                        "lines": true,
                        "linewidth": 2,
                        "links": [],
                        "nullPointMode": "connected",
                        "percentage": false,
                        "pointradius": 5,
                        "points": false,
                        "renderer": "flot",
                        "seriesOverrides": [
                            {
                                "alias": "node_memory_SwapFree{instance=\"172.17.0.1:9100\",job=\"prometheus\"}",
                                "yaxis": 2
                            }
                        ],
                        "spaceLength": 10,
                        "span": 9,
                        "stack": true,
                        "steppedLine": false,
                        "targets": [
                            {
                                "expr": "sum(node_memory_MemTotal) - sum(node_memory_MemFree) - sum(node_memory_Buffers) - sum(node_memory_Cached)",
                                "intervalFactor": 2,
                                "legendFormat": "memory usage",
                                "metric": "memo",
                                "refId": "A",
                                "step": 10,
                                "target": ""
                            },
                            {
                                "expr": "sum(node_memory_Buffers)",
                                "interval": "",
                                "intervalFactor": 2,
                                "legendFormat": "memory buffers",
                                "metric": "memo",
                                "refId": "B",
                                "step": 10,
                                "target": ""
                            },
                            {
                                "expr": "sum(node_memory_Cached)",
                                "interval": "",
                                "intervalFactor": 2,
                                "legendFormat": "memory cached",
                                "metric": "memo",
                                "refId": "C",
                                "step": 10,
                                "target": ""
                            },
                            {
                                "expr": "sum(node_memory_MemFree)",
                                "interval": "",
                                "intervalFactor": 2,
                                "legendFormat": "memory free",
                                "metric": "memo",
                                "refId": "D",
                                "step": 10,
                                "target": ""
                            }
                        ],
                        "title": "Memory Usage",
                        "tooltip": {
                            "msResolution": false,
                            "shared": true,
                            "sort": 0,
                            "value_type": "individual"
                        },
                        "type": "graph",
                        "xaxis": {
                            "mode": "time",
                            "show": true,
                            "values": []
                        },
                        "yaxes": [
                            {
                                "format": "bytes",
                                "logBase": 1,
                                "min": "0",
                                "show": true
                            },
                            {
                                "format": "short",
                                "logBase": 1,
                                "show": true
                            }
                        ]
                    },
                    {
                        "colorBackground": false,
                        "colorValue": false,
                        "colors": [
                            "rgba(50, 172, 45, 0.97)",
                            "rgba(237, 129, 40, 0.89)",
                            "rgba(245, 54, 54, 0.9)"
                        ],
                        "datasource": "${DS_PROMETHEUS}",
                        "editable": true,
                        "format": "percent",
                        "gauge": {
                            "maxValue": 100,
                            "minValue": 0,
                            "show": true,
                            "thresholdLabels": false,
                            "thresholdMarkers": true
                        },
                        "hideTimeOverride": false,
                        "id": 5,
                        "links": [],
                        "mappingType": 1,
                        "mappingTypes": [
                            {
                                "name": "value to text",
                                "value": 1
                            },
                            {
                                "name": "range to text",
                                "value": 2
                            }
                        ],
                        "maxDataPoints": 100,
                        "nullPointMode": "connected",
                        "postfix": "",
                        "postfixFontSize": "50%",
                        "prefix": "",
                        "prefixFontSize": "50%",
                        "rangeMaps": [
                            {
                                "from": "null",
                                "text": "N/A",
                                "to": "null"
                            }
                        ],
                        "span": 3,
                        "sparkline": {
                            "fillColor": "rgba(31, 118, 189, 0.18)",
                            "full": false,
                            "lineColor": "rgb(31, 120, 193)",
                            "show": false
                        },
                        "targets": [
                            {
                                "expr": "((sum(node_memory_MemTotal) - sum(node_memory_MemFree) - sum(node_memory_Buffers) - sum(node_memory_Cached)) / sum(node_memory_MemTotal)) * 100",
                                "intervalFactor": 2,
                                "metric": "",
                                "refId": "A",
                                "step": 60,
                                "target": ""
                            }
                        ],
                        "thresholds": "80, 90",
                        "title": "Memory Usage",
                        "transparent": false,
                        "type": "singlestat",
                        "valueFontSize": "80%",
                        "valueMaps": [
                            {
                                "op": "=",
                                "text": "N/A",
                                "value": "null"
                            }
                        ],
                        "valueName": "avg"
                    }
                ],
                "showTitle": false,
                "title": "New Row",
                "titleSize": "h6"
            },
            {
                "collapse": false,
                "editable": true,
                "height": "246px",
                "panels": [
                    {
                        "aliasColors": {},
                        "bars": false,
                        "dashLength": 10,
                        "dashes": false,
                        "datasource": "${DS_PROMETHEUS}",
                        "editable": true,
                        "error": false,
                        "fill": 1,
                        "grid": {
                            "threshold1Color": "rgba(216, 200, 27, 0.27)",
                            "threshold2Color": "rgba(234, 112, 112, 0.22)"
                        },
                        "id": 6,
                        "isNew": false,
                        "legend": {
                            "alignAsTable": false,
                            "avg": false,
                            "current": false,
                            "hideEmpty": false,
                            "hideZero": false,
                            "max": false,
                            "min": false,
                            "rightSide": false,
                            "show": true,
                            "total": false
                        },
                        "lines": true,
                        "linewidth": 2,
                        "links": [],
                        "nullPointMode": "connected",
                        "percentage": false,
                        "pointradius": 5,
                        "points": false,
                        "renderer": "flot",
                        "seriesOverrides": [
                            {
                                "alias": "read",
                                "yaxis": 1
                            },
                            {
                                "alias": "{instance=\"172.17.0.1:9100\"}",
                                "yaxis": 2
                            },
                            {
                                "alias": "io time",
                                "yaxis": 2
                            }
                        ],
                        "spaceLength": 10,
                        "span": 9,
                        "stack": false,
                        "steppedLine": false,
                        "targets": [
                            {
                                "expr": "sum(rate(node_disk_bytes_read[5m]))",
                                "hide": false,
                                "intervalFactor": 4,
                                "legendFormat": "read",
                                "refId": "A",
                                "step": 20,
                                "target": ""
                            },
                            {
                                "expr": "sum(rate(node_disk_bytes_written[5m]))",
                                "intervalFactor": 4,
                                "legendFormat": "written",
                                "refId": "B",
                                "step": 20
                            },
                            {
                                "expr": "sum(rate(node_disk_io_time_ms[5m]))",
                                "intervalFactor": 4,
                                "legendFormat": "io time",
                                "refId": "C",
                                "step": 20
                            }
                        ],
                        "title": "Disk I/O",
                        "tooltip": {
                            "msResolution": false,
                            "shared": true,
                            "sort": 0,
                            "value_type": "cumulative"
                        },
                        "type": "graph",
                        "xaxis": {
                            "mode": "time",
                            "show": true,
                            "values": []
                        },
                        "yaxes": [
                            {
                                "format": "bytes",
                                "logBase": 1,
                                "show": true
                            },
                            {
                                "format": "ms",
                                "logBase": 1,
                                "show": true
                            }
                        ]
                    },
                    {
                        "colorBackground": false,
                        "colorValue": false,
                        "colors": [
                            "rgba(50, 172, 45, 0.97)",
                            "rgba(237, 129, 40, 0.89)",
                            "rgba(245, 54, 54, 0.9)"
                        ],
                        "datasource": "${DS_PROMETHEUS}",
                        "editable": true,
                        "format": "percentunit",
                        "gauge": {
                            "maxValue": 1,
                            "minValue": 0,
                            "show": true,
                            "thresholdLabels": false,
                            "thresholdMarkers": true
                        },
                        "hideTimeOverride": false,
                        "id": 12,
                        "links": [],
                        "mappingType": 1,
                        "mappingTypes": [
                            {
                                "name": "value to text",
                                "value": 1
                            },
                            {
                                "name": "range to text",
                                "value": 2
                            }
                        ],
                        "maxDataPoints": 100,
                        "nullPointMode": "connected",
                        "postfix": "",
                        "postfixFontSize": "50%",
                        "prefix": "",
                        "prefixFontSize": "50%",
                        "rangeMaps": [
                            {
                                "from": "null",
                                "text": "N/A",
                                "to": "null"
                            }
                        ],
                        "span": 3,
                        "sparkline": {
                            "fillColor": "rgba(31, 118, 189, 0.18)",
                            "full": false,
                            "lineColor": "rgb(31, 120, 193)",
                            "show": false
                        },
                        "targets": [
                            {
                                "expr": "(sum(node_filesystem_size{device!=\"rootfs\"}) - sum(node_filesystem_free{device!=\"rootfs\"})) / sum(node_filesystem_size{device!=\"rootfs\"})",
                                "intervalFactor": 2,
                                "refId": "A",
                                "step": 60,
                                "target": ""
                            }
                        ],
                        "thresholds": "0.75, 0.9",
                        "title": "Disk Space Usage",
                        "transparent": false,
                        "type": "singlestat",
                        "valueFontSize": "80%",
                        "valueMaps": [
                            {
                                "op": "=",
                                "text": "N/A",
                                "value": "null"
                            }
                        ],
                        "valueName": "current"
                    }
                ],
                "showTitle": false,
                "title": "New Row",
                "titleSize": "h6"
            },
            {
                "collapse": false,
                "editable": true,
                "height": "250px",
                "panels": [
                    {
                        "aliasColors": {},
                        "bars": false,
                        "dashLength": 10,
                        "dashes": false,
                        "datasource": "${DS_PROMETHEUS}",
                        "editable": true,
                        "error": false,
                        "fill": 1,
                        "grid": {
                            "threshold1Color": "rgba(216, 200, 27, 0.27)",
                            "threshold2Color": "rgba(234, 112, 112, 0.22)"
                        },
                        "id": 8,
                        "isNew": false,
                        "legend": {
                            "alignAsTable": false,
                            "avg": false,
                            "current": false,
                            "hideEmpty": false,
                            "hideZero": false,
                            "max": false,
                            "min": false,
                            "rightSide": false,
                            "show": true,
                            "total": false
                        },
                        "lines": true,
                        "linewidth": 2,
                        "links": [],
                        "nullPointMode": "connected",
                        "percentage": false,
                        "pointradius": 5,
                        "points": false,
                        "renderer": "flot",
                        "seriesOverrides": [
                            {
                                "alias": "transmitted",
                                "yaxis": 2
                            }
                        ],
                        "spaceLength": 10,
                        "span": 6,
                        "stack": false,
                        "steppedLine": false,
                        "targets": [
                            {
                                "expr": "sum(rate(node_network_receive_bytes{device!~\"lo\"}[5m]))",
                                "hide": false,
                                "intervalFactor": 2,
                                "legendFormat": "",
                                "refId": "A",
                                "step": 10,
                                "target": ""
                            }
                        ],
                        "title": "Network Received",
                        "tooltip": {
                            "msResolution": false,
                            "shared": true,
                            "sort": 0,
                            "value_type": "cumulative"
                        },
                        "type": "graph",
                        "xaxis": {
                            "mode": "time",
                            "show": true,
                            "values": []
                        },
                        "yaxes": [
                            {
                                "format": "bytes",
                                "logBase": 1,
                                "show": true
                            },
                            {
                                "format": "bytes",
                                "logBase": 1,
                                "show": true
                            }
                        ]
                    },
                    {
                        "aliasColors": {},
                        "bars": false,
                        "dashLength": 10,
                        "dashes": false,
                        "datasource": "${DS_PROMETHEUS}",
                        "editable": true,
                        "error": false,
                        "fill": 1,
                        "grid": {
                            "threshold1Color": "rgba(216, 200, 27, 0.27)",
                            "threshold2Color": "rgba(234, 112, 112, 0.22)"
                        },
                        "id": 10,
                        "isNew": false,
                        "legend": {
                            "alignAsTable": false,
                            "avg": false,
                            "current": false,
                            "hideEmpty": false,
                            "hideZero": false,
                            "max": false,
                            "min": false,
                            "rightSide": false,
                            "show": true,
                            "total": false
                        },
                        "lines": true,
                        "linewidth": 2,
                        "links": [],
                        "nullPointMode": "connected",
                        "percentage": false,
                        "pointradius": 5,
                        "points": false,
                        "renderer": "flot",
                        "seriesOverrides": [
                            {
                                "alias": "transmitted",
                                "yaxis": 2
                            }
                        ],
                        "spaceLength": 10,
                        "span": 6,
                        "stack": false,
                        "steppedLine": false,
                        "targets": [
                            {
                                "expr": "sum(rate(node_network_transmit_bytes{device!~\"lo\"}[5m]))",
                                "hide": false,
                                "intervalFactor": 2,
                                "legendFormat": "",
                                "refId": "B",
                                "step": 10,
                                "target": ""
                            }
                        ],
                        "title": "Network Transmitted",
                        "tooltip": {
                            "msResolution": false,
                            "shared": true,
                            "sort": 0,
                            "value_type": "cumulative"
                        },
                        "type": "graph",
                        "xaxis": {
                            "mode": "time",
                            "show": true,
                            "values": []
                        },
                        "yaxes": [
                            {
                                "format": "bytes",
                                "logBase": 1,
                                "show": true
                            },
                            {
                                "format": "bytes",
                                "logBase": 1,
                                "show": true
                            }
                        ]
                    }
                ],
                "showTitle": false,
                "title": "New Row",
                "titleSize": "h6"
            },
            {
                "collapse": false,
                "editable": true,
                "height": "276px",
                "panels": [
                    {
                        "aliasColors": {},
                        "bars": false,
                        "dashes": false,
                        "datasource": "${DS_PROMETHEUS}",
                        "editable": true,
                        "error": false,
                        "fill": 1,
                        "grid": {
                            "threshold1Color": "rgba(216, 200, 27, 0.27)",
                            "threshold2Color": "rgba(234, 112, 112, 0.22)"
                        },
                        "id": 11,
                        "isNew": true,
                        "legend": {
                            "alignAsTable": false,
                            "avg": false,
                            "current": false,
                            "hideEmpty": false,
                            "hideZero": false,
                            "max": false,
                            "min": false,
                            "rightSide": false,
                            "show": true,
                            "total": false
                        },
                        "lines": true,
                        "linewidth": 2,
                        "links": [],
                        "nullPointMode": "connected",
                        "percentage": false,
                        "pointradius": 5,
                        "points": false,
                        "renderer": "flot",
                        "seriesOverrides": [],
                        "spaceLength": 11,
                        "span": 9,
                        "stack": false,
                        "steppedLine": false,
                        "targets": [
                            {
                                "expr": "sum(kube_pod_info)",
                                "format": "time_series",
                                "intervalFactor": 2,
                                "legendFormat": "Current number of Pods",
                                "refId": "A",
                                "step": 10
                            },
                            {
                                "expr": "sum(kube_node_status_capacity_pods)",
                                "format": "time_series",
                                "intervalFactor": 2,
                                "legendFormat": "Maximum capacity of pods",
                                "refId": "B",
                                "step": 10
                            }
                        ],
                        "title": "Cluster Pod Utilization",
                        "tooltip": {
                            "msResolution": false,
                            "shared": true,
                            "sort": 0,
                            "value_type": "individual"
                        },
                        "type": "graph",
                        "xaxis": {
                            "mode": "time",
                            "show": true,
                            "values": []
                        },
                        "yaxes": [
                            {
                                "format": "short",
                                "logBase": 1,
                                "show": true
                            },
                            {
                                "format": "short",
                                "logBase": 1,
                                "show": true
                            }
                        ]
                    },
                    {
                        "colorBackground": false,
                        "colorValue": false,
                        "colors": [
                            "rgba(50, 172, 45, 0.97)",
                            "rgba(237, 129, 40, 0.89)",
                            "rgba(245, 54, 54, 0.9)"
                        ],
                        "datasource": "${DS_PROMETHEUS}",
                        "editable": true,
                        "format": "percent",
                        "gauge": {
                            "maxValue": 100,
                            "minValue": 0,
                            "show": true,
                            "thresholdLabels": false,
                            "thresholdMarkers": true
                        },
                        "hideTimeOverride": false,
                        "id": 7,
                        "links": [],
                        "mappingType": 1,
                        "mappingTypes": [
                            {
                                "name": "value to text",
                                "value": 1
                            },
                            {
                                "name": "range to text",
                                "value": 2
                            }
                        ],
                        "maxDataPoints": 100,
                        "nullPointMode": "connected",
                        "postfix": "",
                        "postfixFontSize": "50%",
                        "prefix": "",
                        "prefixFontSize": "50%",
                        "rangeMaps": [
                            {
                                "from": "null",
                                "text": "N/A",
                                "to": "null"
                            }
                        ],
                        "span": 3,
                        "sparkline": {
                            "fillColor": "rgba(31, 118, 189, 0.18)",
                            "full": false,
                            "lineColor": "rgb(31, 120, 193)",
                            "show": false
                        },
                        "targets": [
                            {
                                "expr": "100 - (sum(kube_node_status_capacity_pods) - sum(kube_pod_info)) / sum(kube_node_status_capacity_pods) * 100",
                                "format": "time_series",
                                "intervalFactor": 2,
                                "legendFormat": "",
                                "refId": "A",
                                "step": 60,
                                "target": ""
                            }
                        ],
                        "thresholds": "80, 90",
                        "title": "Pod Utilization",
                        "transparent": false,
                        "type": "singlestat",
                        "valueFontSize": "80%",
                        "valueMaps": [
                            {
                                "op": "=",
                                "text": "N/A",
                                "value": "null"
                            }
                        ],
                        "valueName": "current"
                    }
                ],
                "showTitle": false,
                "title": "New Row",
                "titleSize": "h6"
            }
        ],
        "schemaVersion": 14,
        "sharedCrosshair": false,
        "style": "dark",
        "tags": [],
        "templating": {
            "list": []
        },
        "time": {
            "from": "now-1h",
            "to": "now"
        },
        "timepicker": {
            "refresh_intervals": [
                "5s",
                "10s",
                "30s",
                "1m",
                "5m",
                "15m",
                "30m",
                "1h",
                "2h",
                "1d"
            ],
            "time_options": [
                "5m",
                "15m",
                "1h",
                "6h",
                "12h",
                "24h",
                "2d",
                "7d",
                "30d"
            ]
        },
        "timezone": "browser",
        "title": "Kubernetes Capacity Planning",
        "version": 4
    },
    "inputs": [
        {
            "name": "DS_PROMETHEUS",
            "pluginId": "prometheus",
            "type": "datasource",
            "value": "prometheus"
        }
    ],
    "overwrite": true
}