{
    "dashboard": {
        "__inputs": [
            {
                "description": "",
                "label": "prometheus",
                "name": "DS_PROMETHEUS",
                "pluginId": "prometheus",
                "pluginName": "Prometheus",
                "type": "datasource"
            }
        ],
        "annotations": {
            "list": []
        },
        "editable": true,
        "graphTooltip": 0,
        "hideControls": false,
        "links": [],
        "refresh": "10s",
        "rows": [
            {
                "collapse": false,
                "editable": true,
                "height": "254px",
                "panels": [
                    {
                        "colorBackground": false,
                        "colorValue": true,
                        "colors": [
                            "rgba(50, 172, 45, 0.97)",
                            "rgba(237, 129, 40, 0.89)",
                            "rgba(245, 54, 54, 0.9)"
                        ],
                        "datasource": "${DS_PROMETHEUS}",
                        "editable": true,
                        "format": "none",
                        "gauge": {
                            "maxValue": 100,
                            "minValue": 0,
                            "show": false,
                            "thresholdLabels": false,
                            "thresholdMarkers": true
                        },
                        "hideTimeOverride": false,
                        "id": 1,
                        "links": [],
                        "mappingType": 1,
                        "mappingTypes": [
                            {
                                "name": "value to text",
                                "value": 1
                            },
                            {
                                "name": "range to text",
                                "value": 2
                            }
                        ],
                        "maxDataPoints": 100,
                        "nullPointMode": "connected",
                        "postfix": "",
                        "postfixFontSize": "50%",
                        "prefix": "",
                        "prefixFontSize": "50%",
                        "rangeMaps": [
                            {
                                "from": "null",
                                "text": "N/A",
                                "to": "null"
                            }
                        ],
                        "span": 3,
                        "sparkline": {
                            "fillColor": "rgba(31, 118, 189, 0.18)",
                            "full": false,
                            "lineColor": "rgb(31, 120, 193)",
                            "show": false
                        },
                        "targets": [
                            {
                                "expr": "sum(up{job=~\"apiserver|kube-scheduler|kube-controller-manager\"} == 0)",
                                "format": "time_series",
                                "intervalFactor": 2,
                                "legendFormat": "",
                                "refId": "A",
                                "step": 600
                            }
                        ],
                        "thresholds": "1, 3",
                        "title": "Control Plane Components Down",
                        "transparent": false,
                        "type": "singlestat",
                        "valueFontSize": "80%",
                        "valueMaps": [
                            {
                                "op": "=",
                                "text": "Everything UP and healthy",
                                "value": "null"
                            },
                            {
                                "op": "=",
                                "text": "",
                                "value": ""
                            }
                        ],
                        "valueName": "avg"
                    },
                    {
                        "colorBackground": false,
                        "colorValue": true,
                        "colors": [
                            "rgba(50, 172, 45, 0.97)",
                            "rgba(237, 129, 40, 0.89)",
                            "rgba(245, 54, 54, 0.9)"
                        ],
                        "datasource": "${DS_PROMETHEUS}",
                        "editable": true,
                        "format": "none",
                        "gauge": {
                            "maxValue": 100,
                            "minValue": 0,
                            "show": false,
                            "thresholdLabels": false,
                            "thresholdMarkers": true
                        },
                        "hideTimeOverride": false,
                        "id": 2,
                        "links": [],
                        "mappingType": 1,
                        "mappingTypes": [
                            {
                                "name": "value to text",
                                "value": 1
                            },
                            {
                                "name": "range to text",
                                "value": 2
                            }
                        ],
                        "maxDataPoints": 100,
                        "nullPointMode": "connected",
                        "postfix": "",
                        "postfixFontSize": "50%",
                        "prefix": "",
                        "prefixFontSize": "50%",
                        "rangeMaps": [
                            {
                                "from": "null",
                                "text": "N/A",
                                "to": "null"
                            }
                        ],
                        "span": 3,
                        "sparkline": {
                            "fillColor": "rgba(31, 118, 189, 0.18)",
                            "full": false,
                            "lineColor": "rgb(31, 120, 193)",
                            "show": false
                        },
                        "targets": [
                            {
                                "expr": "sum(ALERTS{alertstate=\"firing\",alertname!=\"DeadMansSwitch\"})",
                                "format": "time_series",
                                "intervalFactor": 2,
                                "legendFormat": "",
                                "refId": "A",
                                "step": 600
                            }
                        ],
                        "thresholds": "1, 3",
                        "title": "Alerts Firing",
                        "transparent": false,
                        "type": "singlestat",
                        "valueFontSize": "80%",
                        "valueMaps": [
                            {
                                "op": "=",
                                "text": "0",
                                "value": "null"
                            }
                        ],
                        "valueName": "current"
                    },
                    {
                        "colorBackground": false,
                        "colorValue": true,
                        "colors": [
                            "rgba(50, 172, 45, 0.97)",
                            "rgba(237, 129, 40, 0.89)",
                            "rgba(245, 54, 54, 0.9)"
                        ],
                        "datasource": "${DS_PROMETHEUS}",
                        "editable": true,
                        "format": "none",
                        "gauge": {
                            "maxValue": 100,
                            "minValue": 0,
                            "show": false,
                            "thresholdLabels": false,
                            "thresholdMarkers": true
                        },
                        "hideTimeOverride": false,
                        "id": 3,
                        "links": [],
                        "mappingType": 1,
                        "mappingTypes": [
                            {
                                "name": "value to text",
                                "value": 1
                            },
                            {
                                "name": "range to text",
                                "value": 2
                            }
                        ],
                        "maxDataPoints": 100,
                        "nullPointMode": "connected",
                        "postfix": "",
                        "postfixFontSize": "50%",
                        "prefix": "",
                        "prefixFontSize": "50%",
                        "rangeMaps": [
                            {
                                "from": "null",
                                "text": "N/A",
                                "to": "null"
                            }
                        ],
                        "span": 3,
                        "sparkline": {
                            "fillColor": "rgba(31, 118, 189, 0.18)",
                            "full": false,
                            "lineColor": "rgb(31, 120, 193)",
                            "show": false
                        },
                        "targets": [
                            {
                                "expr": "sum(ALERTS{alertstate=\"pending\",alertname!=\"DeadMansSwitch\"})",
                                "format": "time_series",
                                "intervalFactor": 2,
                                "legendFormat": "",
                                "refId": "A",
                                "step": 600
                            }
                        ],
                        "thresholds": "3, 5",
                        "title": "Alerts Pending",
                        "transparent": false,
                        "type": "singlestat",
                        "valueFontSize": "80%",
                        "valueMaps": [
                            {
                                "op": "=",
                                "text": "0",
                                "value": "null"
                            }
                        ],
                        "valueName": "current"
                    },
                    {
                        "colorBackground": false,
                        "colorValue": true,
                        "colors": [
                            "rgba(50, 172, 45, 0.97)",
                            "rgba(237, 129, 40, 0.89)",
                            "rgba(245, 54, 54, 0.9)"
                        ],
                        "datasource": "${DS_PROMETHEUS}",
                        "editable": true,
                        "format": "none",
                        "gauge": {
                            "maxValue": 100,
                            "minValue": 0,
                            "show": false,
                            "thresholdLabels": false,
                            "thresholdMarkers": true
                        },
                        "hideTimeOverride": false,
                        "id": 4,
                        "links": [],
                        "mappingType": 1,
                        "mappingTypes": [
                            {
                                "name": "value to text",
                                "value": 1
                            },
                            {
                                "name": "range to text",
                                "value": 2
                            }
                        ],
                        "maxDataPoints": 100,
                        "nullPointMode": "connected",
                        "postfix": "",
                        "postfixFontSize": "50%",
                        "prefix": "",
                        "prefixFontSize": "50%",
                        "rangeMaps": [
                            {
                                "from": "null",
                                "text": "N/A",
                                "to": "null"
                            }
                        ],
                        "span": 3,
                        "sparkline": {
                            "fillColor": "rgba(31, 118, 189, 0.18)",
                            "full": false,
                            "lineColor": "rgb(31, 120, 193)",
                            "show": false
                        },
                        "targets": [
                            {
                                "expr": "count(increase(kube_pod_container_status_restarts_total[1h]) > 5)",
                                "format": "time_series",
                                "intervalFactor": 2,
                                "legendFormat": "",
                                "refId": "A",
                                "step": 600
                            }
                        ],
                        "thresholds": "1, 3",
                        "title": "Crashlooping Pods",
                        "transparent": false,
                        "type": "singlestat",
                        "valueFontSize": "80%",
                        "valueMaps": [
                            {
                                "op": "=",
                                "text": "0",
                                "value": "null"
                            }
                        ],
                        "valueName": "current"
                    }
                ],
                "showTitle": false,
                "title": "Row",
                "titleSize": "h6"
            },
            {
                "collapse": false,
                "editable": true,
                "height": "250px",
                "panels": [
                    {
                        "colorBackground": false,
                        "colorValue": true,
                        "colors": [
                            "rgba(50, 172, 45, 0.97)",
                            "rgba(237, 129, 40, 0.89)",
                            "rgba(245, 54, 54, 0.9)"
                        ],
                        "datasource": "${DS_PROMETHEUS}",
                        "editable": true,
                        "format": "none",
                        "gauge": {
                            "maxValue": 100,
                            "minValue": 0,
                            "show": false,
                            "thresholdLabels": false,
                            "thresholdMarkers": true
                        },
                        "hideTimeOverride": false,
                        "id": 5,
                        "links": [],
                        "mappingType": 1,
                        "mappingTypes": [
                            {
                                "name": "value to text",
                                "value": 1
                            },
                            {
                                "name": "range to text",
                                "value": 2
                            }
                        ],
                        "maxDataPoints": 100,
                        "nullPointMode": "connected",
                        "postfix": "",
                        "postfixFontSize": "50%",
                        "prefix": "",
                        "prefixFontSize": "50%",
                        "rangeMaps": [
                            {
                                "from": "null",
                                "text": "N/A",
                                "to": "null"
                            }
                        ],
                        "span": 3,
                        "sparkline": {
                            "fillColor": "rgba(31, 118, 189, 0.18)",
                            "full": false,
                            "lineColor": "rgb(31, 120, 193)",
                            "show": false
                        },
                        "targets": [
                            {
                                "expr": "sum(kube_node_status_condition{condition=\"Ready\",status!=\"true\"})",
                                "format": "time_series",
                                "intervalFactor": 2,
                                "legendFormat": "",
                                "refId": "A",
                                "step": 600
                            }
                        ],
                        "thresholds": "1, 3",
                        "title": "Node Not Ready",
                        "transparent": false,
                        "type": "singlestat",
                        "valueFontSize": "80%",
                        "valueMaps": [
                            {
                                "op": "=",
                                "text": "N/A",
                                "value": "null"
                            }
                        ],
                        "valueName": "current"
                    },
                    {
                        "colorBackground": false,
                        "colorValue": true,
                        "colors": [
                            "rgba(50, 172, 45, 0.97)",
                            "rgba(237, 129, 40, 0.89)",
                            "rgba(245, 54, 54, 0.9)"
                        ],
                        "datasource": "${DS_PROMETHEUS}",
                        "editable": true,
                        "format": "none",
                        "gauge": {
                            "maxValue": 100,
                            "minValue": 0,
                            "show": false,
                            "thresholdLabels": false,
                            "thresholdMarkers": true
                        },
                        "hideTimeOverride": false,
                        "id": 6,
                        "links": [],
                        "mappingType": 1,
                        "mappingTypes": [
                            {
                                "name": "value to text",
                                "value": 1
                            },
                            {
                                "name": "range to text",
                                "value": 2
                            }
                        ],
                        "maxDataPoints": 100,
                        "nullPointMode": "connected",
                        "postfix": "",
                        "postfixFontSize": "50%",
                        "prefix": "",
                        "prefixFontSize": "50%",
                        "rangeMaps": [
                            {
                                "from": "null",
                                "text": "N/A",
                                "to": "null"
                            }
                        ],
                        "span": 3,
                        "sparkline": {
                            "fillColor": "rgba(31, 118, 189, 0.18)",
                            "full": false,
                            "lineColor": "rgb(31, 120, 193)",
                            "show": false
                        },
                        "targets": [
                            {
                                "expr": "sum(kube_node_status_condition{condition=\"DiskPressure\",status=\"true\"})",
                                "format": "time_series",
                                "intervalFactor": 2,
                                "legendFormat": "",
                                "refId": "A",
                                "step": 600
                            }
                        ],
                        "thresholds": "1, 3",
                        "title": "Node Disk Pressure",
                        "transparent": false,
                        "type": "singlestat",
                        "valueFontSize": "80%",
                        "valueMaps": [
                            {
                                "op": "=",
                                "text": "N/A",
                                "value": "null"
                            }
                        ],
                        "valueName": "current"
                    },
                    {
                        "colorBackground": false,
                        "colorValue": true,
                        "colors": [
                            "rgba(50, 172, 45, 0.97)",
                            "rgba(237, 129, 40, 0.89)",
                            "rgba(245, 54, 54, 0.9)"
                        ],
                        "datasource": "${DS_PROMETHEUS}",
                        "editable": true,
                        "format": "none",
                        "gauge": {
                            "maxValue": 100,
                            "minValue": 0,
                            "show": false,
                            "thresholdLabels": false,
                            "thresholdMarkers": true
                        },
                        "hideTimeOverride": false,
                        "id": 7,
                        "links": [],
                        "mappingType": 1,
                        "mappingTypes": [
                            {
                                "name": "value to text",
                                "value": 1
                            },
                            {
                                "name": "range to text",
                                "value": 2
                            }
                        ],
                        "maxDataPoints": 100,
                        "nullPointMode": "connected",
                        "postfix": "",
                        "postfixFontSize": "50%",
                        "prefix": "",
                        "prefixFontSize": "50%",
                        "rangeMaps": [
                            {
                                "from": "null",
                                "text": "N/A",
                                "to": "null"
                            }
                        ],
                        "span": 3,
                        "sparkline": {
                            "fillColor": "rgba(31, 118, 189, 0.18)",
                            "full": false,
                            "lineColor": "rgb(31, 120, 193)",
                            "show": false
                        },
                        "targets": [
                            {
                                "expr": "sum(kube_node_status_condition{condition=\"MemoryPressure\",status=\"true\"})",
                                "format": "time_series",
                                "intervalFactor": 2,
                                "legendFormat": "",
                                "refId": "A",
                                "step": 600
                            }
                        ],
                        "thresholds": "1, 3",
                        "title": "Node Memory Pressure",
                        "transparent": false,
                        "type": "singlestat",
                        "valueFontSize": "80%",
                        "valueMaps": [
                            {
                                "op": "=",
                                "text": "N/A",
                                "value": "null"
                            }
                        ],
                        "valueName": "current"
                    },
                    {
                        "colorBackground": false,
                        "colorValue": true,
                        "colors": [
                            "rgba(50, 172, 45, 0.97)",
                            "rgba(237, 129, 40, 0.89)",
                            "rgba(245, 54, 54, 0.9)"
                        ],
                        "datasource": "${DS_PROMETHEUS}",
                        "editable": true,
                        "format": "none",
                        "gauge": {
                            "maxValue": 100,
                            "minValue": 0,
                            "show": false,
                            "thresholdLabels": false,
                            "thresholdMarkers": true
                        },
                        "hideTimeOverride": false,
                        "id": 8,
                        "links": [],
                        "mappingType": 1,
                        "mappingTypes": [
                            {
                                "name": "value to text",
                                "value": 1
                            },
                            {
                                "name": "range to text",
                                "value": 2
                            }
                        ],
                        "maxDataPoints": 100,
                        "nullPointMode": "connected",
                        "postfix": "",
                        "postfixFontSize": "50%",
                        "prefix": "",
                        "prefixFontSize": "50%",
                        "rangeMaps": [
                            {
                                "from": "null",
                                "text": "N/A",
                                "to": "null"
                            }
                        ],
                        "span": 3,
                        "sparkline": {
                            "fillColor": "rgba(31, 118, 189, 0.18)",
                            "full": false,
                            "lineColor": "rgb(31, 120, 193)",
                            "show": false
                        },
                        "targets": [
                            {
                                "expr": "sum(kube_node_spec_unschedulable)",
                                "format": "time_series",
                                "intervalFactor": 2,
                                "legendFormat": "",
                                "refId": "A",
                                "step": 600
                            }
                        ],
                        "thresholds": "1, 3",
                        "title": "Nodes Unschedulable",
                        "transparent": false,
                        "type": "singlestat",
                        "valueFontSize": "80%",
                        "valueMaps": [
                            {
                                "op": "=",
                                "text": "N/A",
                                "value": "null"
                            }
                        ],
                        "valueName": "current"
                    }
                ],
                "showTitle": false,
                "title": "Row",
                "titleSize": "h6"
            }
        ],
        "schemaVersion": 14,
        "sharedCrosshair": false,
        "style": "dark",
        "tags": [],
        "templating": {
            "list": []
        },
        "time": {
            "from": "now-6h",
            "to": "now"
        },
        "timepicker": {
            "refresh_intervals": [
                "5s",
                "10s",
                "30s",
                "1m",
                "5m",
                "15m",
                "30m",
                "1h",
                "2h",
                "1d"
            ],
            "time_options": [
                "5m",
                "15m",
                "1h",
                "6h",
                "12h",
                "24h",
                "2d",
                "7d",
                "30d"
            ]
        },
        "timezone": "browser",
        "title": "Kubernetes Cluster Health",
        "version": 9
    },
    "inputs": [
        {
            "name": "DS_PROMETHEUS",
            "pluginId": "prometheus",
            "type": "datasource",
            "value": "prometheus"
        }
    ],
    "overwrite": true
}