{
    "dashboard": {
        "__inputs": [
            {
                "description": "",
                "label": "prometheus",
                "name": "DS_PROMETHEUS",
                "pluginId": "prometheus",
                "pluginName": "Prometheus",
                "type": "datasource"
            }
        ],
        "annotations": {
            "list": []
        },
        "editable": true,
        "graphTooltip": 0,
        "hideControls": false,
        "links": [],
        "rows": [
            {
                "collapse": false,
                "editable": true,
                "height": "250px",
                "panels": [
                    {
                        "colorBackground": false,
                        "colorValue": false,
                        "colors": [
                            "rgba(245, 54, 54, 0.9)",
                            "rgba(237, 129, 40, 0.89)",
                            "rgba(50, 172, 45, 0.97)"
                        ],
                        "datasource": "${DS_PROMETHEUS}",
                        "editable": true,
                        "format": "percent",
                        "gauge": {
                            "maxValue": 100,
                            "minValue": 0,
                            "show": true,
                            "thresholdLabels": false,
                            "thresholdMarkers": true
                        },
                        "hideTimeOverride": false,
                        "id": 1,
                        "links": [],
                        "mappingType": 1,
                        "mappingTypes": [
                            {
                                "name": "value to text",
                                "value": 1
                            },
                            {
                                "name": "range to text",
                                "value": 2
                            }
                        ],
                        "maxDataPoints": 100,
                        "nullPointMode": "connected",
                        "postfix": "",
                        "postfixFontSize": "50%",
                        "prefix": "",
                        "prefixFontSize": "50%",
                        "rangeMaps": [
                            {
                                "from": "null",
                                "text": "N/A",
                                "to": "null"
                            }
                        ],
                        "span": 3,
                        "sparkline": {
                            "fillColor": "rgba(31, 118, 189, 0.18)",
                            "full": false,
                            "lineColor": "rgb(31, 120, 193)",
                            "show": false
                        },
                        "targets": [
                            {
                                "expr": "(sum(up{job=\"apiserver\"} == 1) / sum(up{job=\"apiserver\"})) * 100",
                                "format": "time_series",
                                "intervalFactor": 2,
                                "refId": "A",
                                "step": 600
                            }
                        ],
                        "thresholds": "50, 80",
                        "title": "API Servers UP",
                        "transparent": false,
                        "type": "singlestat",
                        "valueFontSize": "80%",
                        "valueMaps": [
                            {
                                "op": "=",
                                "text": "N/A",
                                "value": "null"
                            }
                        ],
                        "valueName": "avg"
                    },
                    {
                        "colorBackground": false,
                        "colorValue": false,
                        "colors": [
                            "rgba(245, 54, 54, 0.9)",
                            "rgba(237, 129, 40, 0.89)",
                            "rgba(50, 172, 45, 0.97)"
                        ],
                        "datasource": "${DS_PROMETHEUS}",
                        "editable": true,
                        "format": "percent",
                        "gauge": {
                            "maxValue": 100,
                            "minValue": 0,
                            "show": true,
                            "thresholdLabels": false,
                            "thresholdMarkers": true
                        },
                        "hideTimeOverride": false,
                        "id": 2,
                        "links": [],
                        "mappingType": 1,
                        "mappingTypes": [
                            {
                                "name": "value to text",
                                "value": 1
                            },
                            {
                                "name": "range to text",
                                "value": 2
                            }
                        ],
                        "maxDataPoints": 100,
                        "nullPointMode": "connected",
                        "postfix": "",
                        "postfixFontSize": "50%",
                        "prefix": "",
                        "prefixFontSize": "50%",
                        "rangeMaps": [
                            {
                                "from": "null",
                                "text": "N/A",
                                "to": "null"
                            }
                        ],
                        "span": 3,
                        "sparkline": {
                            "fillColor": "rgba(31, 118, 189, 0.18)",
                            "full": false,
                            "lineColor": "rgb(31, 120, 193)",
                            "show": false
                        },
                        "targets": [
                            {
                                "expr": "(sum(up{job=\"kube-controller-manager\"} == 1) / sum(up{job=\"kube-controller-manager\"})) * 100",
                                "format": "time_series",
                                "intervalFactor": 2,
                                "refId": "A",
                                "step": 600
                            }
                        ],
                        "thresholds": "50, 80",
                        "title": "Controller Managers UP",
                        "transparent": false,
                        "type": "singlestat",
                        "valueFontSize": "80%",
                        "valueMaps": [
                            {
                                "op": "=",
                                "text": "N/A",
                                "value": "null"
                            }
                        ],
                        "valueName": "avg"
                    },
                    {
                        "colorBackground": false,
                        "colorValue": false,
                        "colors": [
                            "rgba(245, 54, 54, 0.9)",
                            "rgba(237, 129, 40, 0.89)",
                            "rgba(50, 172, 45, 0.97)"
                        ],
                        "datasource": "${DS_PROMETHEUS}",
                        "editable": true,
                        "format": "percent",
                        "gauge": {
                            "maxValue": 100,
                            "minValue": 0,
                            "show": true,
                            "thresholdLabels": false,
                            "thresholdMarkers": true
                        },
                        "hideTimeOverride": false,
                        "id": 3,
                        "links": [],
                        "mappingType": 1,
                        "mappingTypes": [
                            {
                                "name": "value to text",
                                "value": 1
                            },
                            {
                                "name": "range to text",
                                "value": 2
                            }
                        ],
                        "maxDataPoints": 100,
                        "nullPointMode": "connected",
                        "postfix": "",
                        "postfixFontSize": "50%",
                        "prefix": "",
                        "prefixFontSize": "50%",
                        "rangeMaps": [
                            {
                                "from": "null",
                                "text": "N/A",
                                "to": "null"
                            }
                        ],
                        "span": 3,
                        "sparkline": {
                            "fillColor": "rgba(31, 118, 189, 0.18)",
                            "full": false,
                            "lineColor": "rgb(31, 120, 193)",
                            "show": false
                        },
                        "targets": [
                            {
                                "expr": "(sum(up{job=\"kube-scheduler\"} == 1) / sum(up{job=\"kube-scheduler\"})) * 100",
                                "format": "time_series",
                                "intervalFactor": 2,
                                "refId": "A",
                                "step": 600
                            }
                        ],
                        "thresholds": "50, 80",
                        "title": "Schedulers UP",
                        "transparent": false,
                        "type": "singlestat",
                        "valueFontSize": "80%",
                        "valueMaps": [
                            {
                                "op": "=",
                                "text": "N/A",
                                "value": "null"
                            }
                        ],
                        "valueName": "avg"
                    },
                    {
                        "colorBackground": false,
                        "colorValue": false,
                        "colors": [
                            "rgba(50, 172, 45, 0.97)",
                            "rgba(237, 129, 40, 0.89)",
                            "rgba(245, 54, 54, 0.9)"
                        ],
                        "datasource": "${DS_PROMETHEUS}",
                        "editable": true,
                        "format": "percent",
                        "gauge": {
                            "maxValue": 100,
                            "minValue": 0,
                            "show": true,
                            "thresholdLabels": false,
                            "thresholdMarkers": true
                        },
                        "hideTimeOverride": false,
                        "id": 4,
                        "links": [],
                        "mappingType": 1,
                        "mappingTypes": [
                            {
                                "name": "value to text",
                                "value": 1
                            },
                            {
                                "name": "range to text",
                                "value": 2
                            }
                        ],
                        "maxDataPoints": 100,
                        "nullPointMode": "connected",
                        "postfix": "",
                        "postfixFontSize": "50%",
                        "prefix": "",
                        "prefixFontSize": "50%",
                        "rangeMaps": [
                            {
                                "from": "null",
                                "text": "N/A",
                                "to": "null"
                            }
                        ],
                        "span": 3,
                        "sparkline": {
                            "fillColor": "rgba(31, 118, 189, 0.18)",
                            "full": false,
                            "lineColor": "rgb(31, 120, 193)",
                            "show": false
                        },
                        "targets": [
                            {
                                "expr": "max(sum by(instance) (rate(apiserver_request_count{code=~\"5..\"}[5m])) / sum by(instance) (rate(apiserver_request_count[5m]))) * 100",
                                "format": "time_series",
                                "intervalFactor": 2,
                                "legendFormat": "",
                                "refId": "A",
                                "step": 600
                            }
                        ],
                        "thresholds": "5, 10",
                        "title": "API Server Request Error Rate",
                        "transparent": false,
                        "type": "singlestat",
                        "valueFontSize": "80%",
                        "valueMaps": [
                            {
                                "op": "=",
                                "text": "0",
                                "value": "null"
                            }
                        ],
                        "valueName": "avg"
                    }
                ],
                "showTitle": false,
                "title": "Dashboard Row",
                "titleSize": "h6"
            },
            {
                "collapse": false,
                "editable": true,
                "height": "250px",
                "panels": [
                    {
                        "aliasColors": {},
                        "bars": false,
                        "dashLength": 10,
                        "dashes": false,
                        "datasource": "${DS_PROMETHEUS}",
                        "editable": true,
                        "error": false,
                        "fill": 1,
                        "grid": {
                            "threshold1Color": "rgba(216, 200, 27, 0.27)",
                            "threshold2Color": "rgba(234, 112, 112, 0.22)"
                        },
                        "id": 7,
                        "isNew": false,
                        "legend": {
                            "alignAsTable": false,
                            "avg": false,
                            "current": false,
                            "hideEmpty": false,
                            "hideZero": false,
                            "max": false,
                            "min": false,
                            "rightSide": false,
                            "show": true,
                            "total": false
                        },
                        "lines": true,
                        "linewidth": 1,
                        "links": [],
                        "nullPointMode": "null",
                        "percentage": false,
                        "pointradius": 5,
                        "points": false,
                        "renderer": "flot",
                        "seriesOverrides": [],
                        "spaceLength": 10,
                        "span": 12,
                        "stack": false,
                        "steppedLine": false,
                        "targets": [
                            {
                                "expr": "sum by(verb) (rate(apiserver_latency_seconds:quantile[5m]) >= 0)",
                                "format": "time_series",
                                "intervalFactor": 2,
                                "legendFormat": "",
                                "refId": "A",
                                "step": 30
                            }
                        ],
                        "title": "API Server Request Latency",
                        "tooltip": {
                            "msResolution": false,
                            "shared": true,
                            "sort": 0,
                            "value_type": "individual"
                        },
                        "type": "graph",
                        "xaxis": {
                            "mode": "time",
                            "show": true,
                            "values": []
                        },
                        "yaxes": [
                            {
                                "format": "short",
                                "logBase": 1,
                                "show": true
                            },
                            {
                                "format": "short",
                                "logBase": 1,
                                "show": true
                            }
                        ]
                    }
                ],
                "showTitle": false,
                "title": "Dashboard Row",
                "titleSize": "h6"
            },
            {
                "collapse": false,
                "editable": true,
                "height": "250px",
                "panels": [
                    {
                        "aliasColors": {},
                        "bars": false,
                        "dashLength": 10,
                        "dashes": false,
                        "datasource": "${DS_PROMETHEUS}",
                        "editable": true,
                        "error": false,
                        "fill": 1,
                        "grid": {
                            "threshold1Color": "rgba(216, 200, 27, 0.27)",
                            "threshold2Color": "rgba(234, 112, 112, 0.22)"
                        },
                        "id": 5,
                        "isNew": false,
                        "legend": {
                            "alignAsTable": false,
                            "avg": false,
                            "current": false,
                            "hideEmpty": false,
                            "hideZero": false,
                            "max": false,
                            "min": false,
                            "rightSide": false,
                            "show": true,
                            "total": false
                        },
                        "lines": true,
                        "linewidth": 1,
                        "links": [],
                        "nullPointMode": "null",
                        "percentage": false,
                        "pointradius": 5,
                        "points": false,
                        "renderer": "flot",
                        "seriesOverrides": [],
                        "spaceLength": 10,
                        "span": 6,
                        "stack": false,
                        "steppedLine": false,
                        "targets": [
                            {
                                "expr": "cluster:scheduler_e2e_scheduling_latency_seconds:quantile",
                                "format": "time_series",
                                "intervalFactor": 2,
                                "refId": "A",
                                "step": 60
                            }
                        ],
                        "title": "End to End Scheduling Latency",
                        "tooltip": {
                            "msResolution": false,
                            "shared": true,
                            "sort": 0,
                            "value_type": "individual"
                        },
                        "type": "graph",
                        "xaxis": {
                            "mode": "time",
                            "show": true,
                            "values": []
                        },
                        "yaxes": [
                            {
                                "format": "short",
                                "logBase": 1,
                                "show": true
                            },
                            {
                                "format": "dtdurations",
                                "logBase": 1,
                                "show": true
                            }
                        ]
                    },
                    {
                        "aliasColors": {},
                        "bars": false,
                        "dashLength": 10,
                        "dashes": false,
                        "datasource": "${DS_PROMETHEUS}",
                        "editable": true,
                        "error": false,
                        "fill": 1,
                        "grid": {
                            "threshold1Color": "rgba(216, 200, 27, 0.27)",
                            "threshold2Color": "rgba(234, 112, 112, 0.22)"
                        },
                        "id": 6,
                        "isNew": false,
                        "legend": {
                            "alignAsTable": false,
                            "avg": false,
                            "current": false,
                            "hideEmpty": false,
                            "hideZero": false,
                            "max": false,
                            "min": false,
                            "rightSide": false,
                            "show": true,
                            "total": false
                        },
                        "lines": true,
                        "linewidth": 1,
                        "links": [],
                        "nullPointMode": "null",
                        "percentage": false,
                        "pointradius": 5,
                        "points": false,
                        "renderer": "flot",
                        "seriesOverrides": [],
                        "spaceLength": 10,
                        "span": 6,
                        "stack": false,
                        "steppedLine": false,
                        "targets": [
                            {
                                "expr": "sum by(instance) (rate(apiserver_request_count{code!~\"2..\"}[5m]))",
                                "format": "time_series",
                                "intervalFactor": 2,
                                "legendFormat": "Error Rate",
                                "refId": "A",
                                "step": 60
                            },
                            {
                                "expr": "sum by(instance) (rate(apiserver_request_count[5m]))",
                                "format": "time_series",
                                "intervalFactor": 2,
                                "legendFormat": "Request Rate",
                                "refId": "B",
                                "step": 60
                            }
                        ],
                        "title": "API Server Request Rates",
                        "tooltip": {
                            "msResolution": false,
                            "shared": true,
                            "sort": 0,
                            "value_type": "individual"
                        },
                        "type": "graph",
                        "xaxis": {
                            "mode": "time",
                            "show": true,
                            "values": []
                        },
                        "yaxes": [
                            {
                                "format": "short",
                                "logBase": 1,
                                "show": true
                            },
                            {
                                "format": "short",
                                "logBase": 1,
                                "show": true
                            }
                        ]
                    }
                ],
                "showTitle": false,
                "title": "Dashboard Row",
                "titleSize": "h6"
            }
        ],
        "schemaVersion": 14,
        "sharedCrosshair": false,
        "style": "dark",
        "tags": [],
        "templating": {
            "list": []
        },
        "time": {
            "from": "now-6h",
            "to": "now"
        },
        "timepicker": {
            "refresh_intervals": [
                "5s",
                "10s",
                "30s",
                "1m",
                "5m",
                "15m",
                "30m",
                "1h",
                "2h",
                "1d"
            ],
            "time_options": [
                "5m",
                "15m",
                "1h",
                "6h",
                "12h",
                "24h",
                "2d",
                "7d",
                "30d"
            ]
        },
        "timezone": "browser",
        "title": "Kubernetes Control Plane Status",
        "version": 3
    },
    "inputs": [
        {
            "name": "DS_PROMETHEUS",
            "pluginId": "prometheus",
            "type": "datasource",
            "value": "prometheus"
        }
    ],
    "overwrite": true
}