{
    "dashboard": {
        "__inputs": [
            {
                "description": "",
                "label": "prometheus",
                "name": "DS_PROMETHEUS",
                "pluginId": "prometheus",
                "pluginName": "Prometheus",
                "type": "datasource"
            }
        ],
        "annotations": {
            "list": []
        },
        "editable": true,
        "graphTooltip": 1,
        "hideControls": false,
        "links": [],
        "refresh": false,
        "rows": [
            {
                "collapse": false,
                "editable": true,
                "height": "250px",
                "panels": [
                    {
                        "aliasColors": {},
                        "bars": false,
                        "dashLength": 10,
                        "dashes": false,
                        "datasource": "${DS_PROMETHEUS}",
                        "editable": true,
                        "error": false,
                        "fill": 1,
                        "grid": {
                            "threshold1Color": "rgba(216, 200, 27, 0.27)",
                            "threshold2Color": "rgba(234, 112, 112, 0.22)"
                        },
                        "id": 1,
                        "isNew": false,
                        "legend": {
                            "alignAsTable": true,
                            "avg": true,
                            "current": true,
                            "hideEmpty": false,
                            "hideZero": false,
                            "max": false,
                            "min": false,
                            "rightSide": true,
                            "show": true,
                            "total": false,
                            "values": true
                        },
                        "lines": true,
                        "linewidth": 2,
                        "links": [],
                        "nullPointMode": "connected",
                        "percentage": false,
                        "pointradius": 5,
                        "points": false,
                        "renderer": "flot",
                        "seriesOverrides": [],
                        "spaceLength": 10,
                        "span": 12,
                        "stack": false,
                        "steppedLine": false,
                        "targets": [
                            {
                                "expr": "sum by(container_name) (container_memory_usage_bytes{pod_name=\"$pod\", container_name=~\"$container\", container_name!=\"POD\"})",
                                "interval": "10s",
                                "intervalFactor": 1,
                                "legendFormat": "Current: {{ container_name }}",
                                "metric": "container_memory_usage_bytes",
                                "refId": "A",
                                "step": 15
                            },
                            {
                                "expr": "kube_pod_container_resource_requests_memory_bytes{pod=\"$pod\", container=~\"$container\"}",
                                "interval": "10s",
                                "intervalFactor": 2,
                                "legendFormat": "Requested: {{ container }}",
                                "metric": "kube_pod_container_resource_requests_memory_bytes",
                                "refId": "B",
                                "step": 20
                            },
                            {
                                "expr": "kube_pod_container_resource_limits_memory_bytes{pod=\"$pod\", container=~\"$container\"}",
                                "interval": "10s",
                                "intervalFactor": 2,
                                "legendFormat": "Limit: {{ container }}",
                                "metric": "kube_pod_container_resource_limits_memory_bytes",
                                "refId": "C",
                                "step": 20
                            }
                        ],
                        "title": "Memory Usage",
                        "tooltip": {
                            "msResolution": true,
                            "shared": true,
                            "sort": 0,
                            "value_type": "cumulative"
                        },
                        "type": "graph",
                        "xaxis": {
                            "mode": "time",
                            "show": true,
                            "values": []
                        },
                        "yaxes": [
                            {
                                "format": "bytes",
                                "logBase": 1,
                                "show": true
                            },
                            {
                                "format": "short",
                                "logBase": 1,
                                "show": true
                            }
                        ]
                    }
                ],
                "showTitle": false,
                "title": "Row",
                "titleSize": "h6"
            },
            {
                "collapse": false,
                "editable": true,
                "height": "250px",
                "panels": [
                    {
                        "aliasColors": {},
                        "bars": false,
                        "dashLength": 10,
                        "dashes": false,
                        "datasource": "${DS_PROMETHEUS}",
                        "editable": true,
                        "error": false,
                        "fill": 1,
                        "grid": {
                            "threshold1Color": "rgba(216, 200, 27, 0.27)",
                            "threshold2Color": "rgba(234, 112, 112, 0.22)"
                        },
                        "id": 2,
                        "isNew": false,
                        "legend": {
                            "alignAsTable": true,
                            "avg": true,
                            "current": true,
                            "hideEmpty": false,
                            "hideZero": false,
                            "max": false,
                            "min": false,
                            "rightSide": true,
                            "show": true,
                            "total": false,
                            "values": true
                        },
                        "lines": true,
                        "linewidth": 2,
                        "links": [],
                        "nullPointMode": "connected",
                        "percentage": false,
                        "pointradius": 5,
                        "points": false,
                        "renderer": "flot",
                        "seriesOverrides": [],
                        "spaceLength": 10,
                        "span": 12,
                        "stack": false,
                        "steppedLine": false,
                        "targets": [
                            {
                                "expr": "sum by (container_name)(rate(container_cpu_usage_seconds_total{image!=\"\",container_name!=\"POD\",pod_name=\"$pod\"}[1m]))",
                                "intervalFactor": 2,
                                "legendFormat": "{{ container_name }}",
                                "refId": "A",
                                "step": 30
                            },
                            {
                                "expr": "kube_pod_container_resource_requests_cpu_cores{pod=\"$pod\", container=~\"$container\"}",
                                "interval": "10s",
                                "intervalFactor": 2,
                                "legendFormat": "Requested: {{ container }}",
                                "metric": "kube_pod_container_resource_requests_cpu_cores",
                                "refId": "B",
                                "step": 20
                            },
                            {
                                "expr": "kube_pod_container_resource_limits_cpu_cores{pod=\"$pod\", container=~\"$container\"}",
                                "interval": "10s",
                                "intervalFactor": 2,
                                "legendFormat": "Limit: {{ container }}",
                                "metric": "kube_pod_container_resource_limits_memory_bytes",
                                "refId": "C",
                                "step": 20
                            }
                        ],
                        "title": "CPU Usage",
                        "tooltip": {
                            "msResolution": true,
                            "shared": true,
                            "sort": 0,
                            "value_type": "cumulative"
                        },
                        "type": "graph",
                        "xaxis": {
                            "mode": "time",
                            "show": true,
                            "values": []
                        },
                        "yaxes": [
                            {
                                "format": "short",
                                "logBase": 1,
                                "show": true
                            },
                            {
                                "format": "short",
                                "logBase": 1,
                                "show": true
                            }
                        ]
                    }
                ],
                "showTitle": false,
                "title": "Row",
                "titleSize": "h6"
            },
            {
                "collapse": false,
                "editable": true,
                "height": "250px",
                "panels": [
                    {
                        "aliasColors": {},
                        "bars": false,
                        "dashLength": 10,
                        "dashes": false,
                        "datasource": "${DS_PROMETHEUS}",
                        "editable": true,
                        "error": false,
                        "fill": 1,
                        "grid": {
                            "threshold1Color": "rgba(216, 200, 27, 0.27)",
                            "threshold2Color": "rgba(234, 112, 112, 0.22)"
                        },
                        "id": 3,
                        "isNew": false,
                        "legend": {
                            "alignAsTable": true,
                            "avg": true,
                            "current": true,
                            "hideEmpty": false,
                            "hideZero": false,
                            "max": false,
                            "min": false,
                            "rightSide": true,
                            "show": true,
                            "total": false,
                            "values": true
                        },
                        "lines": true,
                        "linewidth": 2,
                        "links": [],
                        "nullPointMode": "connected",
                        "percentage": false,
                        "pointradius": 5,
                        "points": false,
                        "renderer": "flot",
                        "seriesOverrides": [],
                        "spaceLength": 10,
                        "span": 12,
                        "stack": false,
                        "steppedLine": false,
                        "targets": [
                            {
                                "expr": "sort_desc(sum by (pod_name) (rate(container_network_receive_bytes_total{pod_name=\"$pod\"}[1m])))",
                                "intervalFactor": 2,
                                "legendFormat": "{{ pod_name }}",
                                "refId": "A",
                                "step": 30
                            }
                        ],
                        "title": "Network I/O",
                        "tooltip": {
                            "msResolution": true,
                            "shared": true,
                            "sort": 0,
                            "value_type": "cumulative"
                        },
                        "type": "graph",
                        "xaxis": {
                            "mode": "time",
                            "show": true,
                            "values": []
                        },
                        "yaxes": [
                            {
                                "format": "bytes",
                                "logBase": 1,
                                "show": true
                            },
                            {
                                "format": "short",
                                "logBase": 1,
                                "show": true
                            }
                        ]
                    }
                ],
                "showTitle": false,
                "title": "New Row",
                "titleSize": "h6"
            }
        ],
        "schemaVersion": 14,
        "sharedCrosshair": false,
        "style": "dark",
        "tags": [],
        "templating": {
            "list": [
                {
                    "allValue": ".*",
                    "current": {},
                    "datasource": "${DS_PROMETHEUS}",
                    "hide": 0,
                    "includeAll": true,
                    "label": "Namespace",
                    "multi": false,
                    "name": "namespace",
                    "options": [],
                    "query": "label_values(kube_pod_info, namespace)",
                    "refresh": 1,
                    "regex": "",
                    "sort": 0,
                    "tagValuesQuery": "",
                    "tags": [],
                    "tagsQuery": "",
                    "type": "query",
                    "useTags": false
                },
                {
                    "allValue": null,
                    "current": {},
                    "datasource": "${DS_PROMETHEUS}",
                    "hide": 0,
                    "includeAll": false,
                    "label": "Pod",
                    "multi": false,
                    "name": "pod",
                    "options": [],
                    "query": "label_values(kube_pod_info{namespace=~\"$namespace\"}, pod)",
                    "refresh": 1,
                    "regex": "",
                    "sort": 0,
                    "tagValuesQuery": "",
                    "tags": [],
                    "tagsQuery": "",
                    "type": "query",
                    "useTags": false
                },
                {
                    "allValue": ".*",
                    "current": {},
                    "datasource": "${DS_PROMETHEUS}",
                    "hide": 0,
                    "includeAll": true,
                    "label": "Container",
                    "multi": false,
                    "name": "container",
                    "options": [],
                    "query": "label_values(kube_pod_container_info{namespace=\"$namespace\", pod=\"$pod\"}, container)",
                    "refresh": 1,
                    "regex": "",
                    "sort": 0,
                    "tagValuesQuery": "",
                    "tags": [],
                    "tagsQuery": "",
                    "type": "query",
                    "useTags": false
                }
            ]
        },
        "time": {
            "from": "now-6h",
            "to": "now"
        },
        "timepicker": {
            "refresh_intervals": [
                "5s",
                "10s",
                "30s",
                "1m",
                "5m",
                "15m",
                "30m",
                "1h",
                "2h",
                "1d"
            ],
            "time_options": [
                "5m",
                "15m",
                "1h",
                "6h",
                "12h",
                "24h",
                "2d",
                "7d",
                "30d"
            ]
        },
        "timezone": "browser",
        "title": "Pods",
        "version": 1
    },
    "inputs": [
        {
            "name": "DS_PROMETHEUS",
            "pluginId": "prometheus",
            "type": "datasource",
            "value": "prometheus"
        }
    ],
    "overwrite": true
}